{"cameraMode":{"drawMode":0,"name":"Shaded","section":"Shading Mode"},"sceneLighting":false,"audioPlay":false,"sceneViewState":{"showFog":false,"showMaterialUpdate":true,"showSkybox":false,"showFlares":false,"showImageEffects":false,"showParticleSystems":false},"in2DMode":false,"pivot":{"x":40.41557693481445,"y":16.624608993530275,"z":-6.901280879974365},"rotation":{"x":0.22618380188941956,"y":-0.5053106546401978,"z":0.1392069309949875,"w":0.8210651874542236},"size":2.507111072540283,"orthographic":false}